RMSE,MAE,MAPE
21.934598078313236,15.166428571428572,35.66866991168649
