RMSE,MAE,MAPE
13.160541890710384,10.093142857142858,33.711172001435585
