Observé,Prédit
29.97,51.5191040628051
27.46,34.52896309394481
29.56,21.738050026179057
23.88,28.67679843891019
20.85,30.861001165870633
14.06,30.548236786340105
10.78,29.18726118825945
12.52,27.496051419242104
28.17,29.398525106864824
26.88,40.71158807209372
