RMSE,MAE,MAPE,AIC,BIC
14.986598898767268,9.021285551855138,41.90750227771073,573.0885301657604,589.776220564267
