RMSE,MAE,MAPE,AIC,BIC
14.964832156190575,8.867203660209881,38.51695257977516,572.7862085007489,589.4738988992555
